{"accuracy": 0.7792207792207793, "precision": 0.7881526104417671, "recall": 0.7357075913776945, "f1": 0.7610276296655356}