{"accuracy": 0.8378862516793552, "precision": 0.8089395267309377, "recall": 0.8650421743205249, "f1": 0.836050724637681}